{"max_features": [], "max_samples": [], "mse_bagging": [], "mse_adaboost": {"adaboost": 0.12558559720349632, "adaboost_estimators": [0.12558559720349632, 0.1224587426495911, 0.1214619715439551, 0.1228687503190753]}}