{"max_features": [], "max_samples": [], "mse_bagging": [], "mse_adaboost": {"adaboost": 0.2165254529483502, "adaboost_estimators": [0.17936668789203206, 0.20597406034444404, 0.2505256267823138, 0.2553000644830399, 0.23626145610395782, 0.25644270336047276, 0.21181518346617914, 0.20119729024995564, 0.2698956348588091, 0.17524661341349088, 0.2676286489413905]}}