{"max_features": [], "max_samples": [], "mse_bagging": [], "mse_adaboost": {"adaboost": 0.23241254317688256, "adaboost_estimators": [0.24057750886021662, 0.22407441908335798, 0.2348589787232074, 0.22871277984217553, 0.23607855042850326, 0.23526016463073998, 0.24333667675925597]}}