{"max_features": [], "max_samples": [], "mse_bagging": [], "mse_adaboost": {"adaboost": 0.20567864925379734, "adaboost_estimators": [0.19709937757592855, 0.19750499940110372, 0.2409318918098019, 0.2423180136112171, 0.2263486725612597]}}