{"max_features": [], "max_samples": [], "mse_bagging": [], "mse_adaboost": {"adaboost": 0.12190606021888102, "adaboost_estimators": [0.12358640241304059, 0.12046927475260581, 0.11343306477598532, 0.12365480320580176, 0.12472759286334402, 0.11955279292496641, 0.12624673307032674, 0.12891461419414102, 0.1166236029296374, 0.1226280700681648, 0.12377556777114176, 0.11925698556194429, 0.1222903232568608, 0.13980313291493207, 0.12116856576682558, 0.12374700169765854, 0.12632741289556126, 0.12848219460616023, 0.12200162641363332, 0.11406636074644665]}}