{"max_features": [], "max_samples": [], "mse_bagging": [], "mse_adaboost": {"adaboost": 0.2436026205690533, "adaboost_estimators": [0.24664415506777382, 0.2359091481944455, 0.2318107403934409, 0.24038345876665482, 0.2278636332118955, 0.24125398229194567, 0.24577946536287482]}}