{"max_features": [], "max_samples": [], "mse_bagging": [], "mse_adaboost": {"adaboost": 0.03978507059158696, "adaboost_estimators": [0.03995376791189406, 0.038350246123085095, 0.04109093971634827, 0.04076920206412999, 0.038449084336323526, 0.04021389980752293, 0.040378172260617975, 0.037235026392047475, 0.040428979188722215, 0.04123386639163378]}}