{"max_features": [], "max_samples": [], "mse_bagging": [], "mse_adaboost": {"adaboost": 0.2848470439578352, "adaboost_estimators": [0.28551162234252375, 0.2635274208421017, 0.31163874107906286, 0.3129619547750261]}}