{"max_features": [], "max_samples": [], "mse_bagging": [], "mse_adaboost": {"adaboost": 0.3246495208563666, "adaboost_estimators": [0.2945549446633651, 0.2507767881756217, 0.2414590760780033, 0.28367940464767744, 0.3633811468676486]}}