{"max_features": [], "max_samples": [], "mse_bagging": [], "mse_adaboost": {"adaboost": 0.37836420072934496, "adaboost_estimators": [0.36675245671315776, 0.39267402705578386, 0.3926439037607561, 0.39643790714505217, 0.4106494227062878]}}