{"max_features": [], "max_samples": [], "mse_bagging": [], "mse_adaboost": {"adaboost": 0.013079999080083704, "adaboost_estimators": [0.012134463280305626, 0.01379108164721084, 0.01330585120805421, 0.01323448471378267, 0.013775019816123302, 0.013993801124157849, 0.01496993660057294, 0.013851028744604017]}}