{"max_features": [], "max_samples": [], "mse_bagging": [], "mse_adaboost": {"adaboost": 0.20768291680887535, "adaboost_estimators": [0.16991046665191967, 0.28077790720429147, 0.15395801479350563, 0.20994922828563783, 0.2197443268678764, 0.23648697450935002, 0.25079943674574723]}}